"Reference","Value","Footprint","Quantity","DNP","Manufacturer","Manufacturer Part","MP","LCSC","Datasheet","Description"
"C1","33pF","Library:C_0603_1608Metric","1","","","","","C1663","","Unpolarized capacitor"
"C2","33pF","Library:C_0603_1608Metric","1","","","","","C1663","","Unpolarized capacitor"
"C3","0.1uF","Library:C_0603_1608Metric","1","","","","","C1591","","Unpolarized capacitor"
"C4","1uF","Library:C_0603_1608Metric","1","","","","","C29936","","Unpolarized capacitor"
"C5","33pF","Library:C_0603_1608Metric","1","","","","","C1663","","Unpolarized capacitor"
"C6","1uF","Library:C_0603_1608Metric","1","","","","","C29936","","Unpolarized capacitor"
"C7","0.1uF","Library:C_0603_1608Metric","1","","","","","C1591","","Unpolarized capacitor"
"C8","0.1uF","Library:C_0603_1608Metric","1","","","","","C1591","","Unpolarized capacitor"
"C9","0.1uF","Library:C_0603_1608Metric","1","","","","","C1591","","Unpolarized capacitor"
"C10","10uF","Library:C_0603_1608Metric","1","","","","","C380314","","Unpolarized capacitor"
"C11","0.1uF","Library:C_0603_1608Metric","1","","","","","C1591","","Unpolarized capacitor"
"C12","0.1uF","Library:C_0603_1608Metric","1","","","","","C1591","","Unpolarized capacitor"
"C13","0.1uF","Library:C_0603_1608Metric","1","","","","","C1591","","Unpolarized capacitor"
"C14","0.1uF","Library:C_0603_1608Metric","1","","","","","C1591","","Unpolarized capacitor"
"C15","10uF","Library:C_0603_1608Metric","1","","","","","C380314","","Unpolarized capacitor"
"C16","1uF","Library:C_0603_1608Metric","1","","","","","C29936","","Unpolarized capacitor"
"C17","1uF","Library:C_0603_1608Metric","1","","","","","C29936","","Unpolarized capacitor"
"C18","10uF","Library:C_0603_1608Metric","1","","","","","C380314","","Unpolarized capacitor"
"C19","22uF","Library:C_0805_2012Metric","1","","","","","C342717","","Unpolarized capacitor"
"C20","0.1uF","Library:C_0603_1608Metric","1","","","","","C14663","","Unpolarized capacitor"
"C21","10uF 16V X5R","Library:C_0603_1608Metric","1","","","","","C92487","","Unpolarized capacitor"
"C22","4.7uF 16V X7R","Library:C_0805_2012Metric","1","","","","","C277499","","Unpolarized capacitor"
"C23","0.1uF","Library:C_0603_1608Metric","1","","","","","C14663","","Unpolarized capacitor"
"C24","0.47uF","Library:C_0603_1608Metric","1","","","","","C7503496","","Unpolarized capacitor"
"C25","0.1uF","Library:C_0603_1608Metric_Pad1.08x0.95mm_HandSolder","1","","","","","C1591","","Unpolarized capacitor"
"C26","10nF","Library:C_0603_1608Metric_Pad1.08x0.95mm_HandSolder","1","","","","","C100042","","Unpolarized capacitor"
"C27","10nF","Library:C_0603_1608Metric_Pad1.08x0.95mm_HandSolder","1","","","","","C100042","","Unpolarized capacitor"
"C28","4.7uf","Library:C_0603_1608Metric_Pad1.08x0.95mm_HandSolder","1","","","","","C109456","","Unpolarized capacitor"
"C29","0.1uF","Library:C_0603_1608Metric_Pad1.08x0.95mm_HandSolder","1","","","","","C1591","","Unpolarized capacitor"
"C30","10uF","Library:C_0603_1608Metric","1","","","","","C380314","","Unpolarized capacitor"
"C31","0.1uF","Library:C_0603_1608Metric","1","","","","","C1591","",""
"C32","0.1uF","Library:C_0603_1608Metric_Pad1.08x0.95mm_HandSolder","1","","","","","C327087","","Unpolarized capacitor"
"C33","10uF","Library:C_0805_2012Metric","1","","","","","C6119906","","Unpolarized capacitor"
"C34","0.1uF","Library:C_0603_1608Metric_Pad1.08x0.95mm_HandSolder","1","","","","","C327087","","Unpolarized capacitor"
"C35","10uF 10V X5R","Library:C_0603_1608Metric_Pad1.08x0.95mm_HandSolder","1","","","CL10A106KP8NNNC","","C19702","",""
"C36","0.1uF","Library:C_0603_1608Metric_Pad1.08x0.95mm_HandSolder","1","","","","","C1591","","Unpolarized capacitor"
"C37","0.1uF","Library:C_0603_1608Metric_Pad1.08x0.95mm_HandSolder","1","","","","","C14663","","Unpolarized capacitor"
"C38","0.1uF","Library:C_0603_1608Metric_Pad1.08x0.95mm_HandSolder","1","","","","","C1591","","Unpolarized capacitor"
"C39","0.1uF","Library:C_0603_1608Metric_Pad1.08x0.95mm_HandSolder","1","","","","","C1591","","Unpolarized capacitor"
"C40","100nF 16V X7R","Library:C_0402_1005Metric","1","","","","","C60474","","Unpolarized capacitor"
"C41","10uF 10V X7R","Library:C_0603_1608Metric_Pad1.08x0.95mm_HandSolder","1","","","","","C22399627","","Unpolarized capacitor"
"CARD1","SD-CARD","Library:TF-SMD_TF-PUSH","1","","SHOU HAN(é¦–éŸ©)","TF PUSH","","C393941","https://item.szlcsc.com/datasheet/TF%2520PUSH/372553.html","Card Connection Mode:Push-Push Card Type:MicroSD Card (TF Card) Connector Type:Connector and Ejector Additional Card Detection Pins:No Supplementary Features:- Height Above Board:2mm Operating Temperature:-25Â°C~+90Â°C Operating Temperature:-25Â°C~+90Â°C"
"CONN1","JST B3B-PH-KL","Library:CONN-TH_B3B-PH-KL-LF-SN","1","","JST","B3B-PH-KL(LF)(SN)","","C158004","https://item.szlcsc.com/datasheet/B3B-PH-KL(LF)(SN)/169352.html","Pins Structure:1x3P Pitch:2mm Mounting Type:Through Hole Reference Series:PH Number of Pins:3P Number of Rows:1 Number of PINs Per Row:3 Row Spacing:- Current Rating:2A Contact Material:Copper Alloy Contact Plating:Tin Operating Temperature:-25Â°C~+85Â°C Oper"
"CONN2","DISPLAT+SD CONNECTOR","Library:FPC-SMD_18P-P0.50_HC-FPC-0.5-18P-CXH20","1","","XYECONN(è¾›è¯‘)","FPC02-S0.5-18AH2.0","","C19267915","https://item.szlcsc.com/datasheet/FPC02-S0.5-18AH2.0/20525231.html","Locking Feature:Slide Lock Contact Type:Top Contact Number of Contacts:18P Pitch:0.5mm Mounting Type:Surface Mount, Right Angle Height Above Board:2mm"
"D1","LESD5D5.0CT1G","Library:SOD-523_L1.2-W0.8-LS1.6-BI","1","","LRC(ä¹å±±æ— çº¿ç”µ)","LESD5D5.0CT1G","","C5199850","https://lcsc.com/eda_search?q=C383211&%26type=1&ref=editor",""
"D2","LESD5D5.0CT1G","Library:SOD-523_L1.2-W0.8-LS1.6-BI","1","","LRC(ä¹å±±æ— çº¿ç”µ)","LESD5D5.0CT1G","","C5199850","https://lcsc.com/eda_search?q=C383211&%26type=1&ref=editor",""
"D3","DNP","Library:SOD-323_L1.8-W1.3-LS2.5-RD","1","DNP","ST(æ„æ³•åŠå¯¼ä½“)","BAT20JFILM","","C155590","https://lcsc.com/eda_search?q=C155590&%26type=1&ref=editor",""
"D4","LESD5D5.0CT1G","Library:SOD-523_L1.2-W0.8-LS1.6-BI","1","","LRC(ä¹å±±æ— çº¿ç”µ)","LESD5D5.0CT1G","","C5199850","https://lcsc.com/eda_search?q=C383211&%26type=1&ref=editor",""
"D5","LESD5D5.0CT1G","Library:SOD-523_L1.2-W0.8-LS1.6-BI","1","","LRC(ä¹å±±æ— çº¿ç”µ)","LESD5D5.0CT1G","","C5199850","https://lcsc.com/eda_search?q=C383211&%26type=1&ref=editor",""
"D6","LESD5D5.0CT1G","Library:SOD-523_L1.2-W0.8-LS1.6-BI","1","","LRC(ä¹å±±æ— çº¿ç”µ)","LESD5D5.0CT1G","","C5199850","https://lcsc.com/eda_search?q=C383211&%26type=1&ref=editor",""
"D7","LESD5D5.0CT1G","Library:SOD-523_L1.2-W0.8-LS1.6-BI","1","","LRC(ä¹å±±æ— çº¿ç”µ)","LESD5D5.0CT1G","","C5199850","https://lcsc.com/eda_search?q=C383211&%26type=1&ref=editor",""
"F1","PTC 1206 1.1A","Library:Fuse_1206_3216Metric","1","","","","","C2803344","","Fuse"
"FB1","Ferrite BLM18AG601SN1D","Library:L0603","1","","muRata(æ‘ç”°)","BLM18AG601SN1D","","C19330","https://item.szlcsc.com/datasheet/BLM18EG601SN1D/21056.html","Impedance @ Frequency:600Î©@100MHz Tolerance:Â±25% Tolerance:Â±25% DC Resistance(DCR):350mÎ© Current Rating:500mA Number of Circuits:1 Operating Temperature:-55Â°C~+125Â°C Operating Temperature:-55Â°C~+125Â°C"
"FB2","Ferrite BLM18AG601SN1D","Library:L0603","1","","muRata(æ‘ç”°)","BLM18AG601SN1D","","C19330","https://item.szlcsc.com/datasheet/BLM18EG601SN1D/21056.html","Impedance @ Frequency:600Î©@100MHz Tolerance:Â±25% Tolerance:Â±25% DC Resistance(DCR):350mÎ© Current Rating:500mA Number of Circuits:1 Operating Temperature:-55Â°C~+125Â°C Operating Temperature:-55Â°C~+125Â°C"
"FPC1","AD-CONNECTOR-DIGITAL","Library:FPC-SMD_12P-P0.50_XUNPU_FPC-05F-12PH20","1","","XUNPU(讯普)","FPC-05F-12PH20","","C2856799","https://atta.szlcsc.com/upload/public/pdf/source/20210922/C2856799_794322F63241F1C59819430844B946BA.pdf","Locking Feature:Hinged Lid Contact Type:Surface Mount Number of Contacts:12P Pitch:0.5mm Mounting Type:Bottom Contact FFC, FCB Thickness:0.3mm FFC, FCB Thickness:0.3mm Height Above Board:2mm Contact Material:Phosphor Bronze Contact Plating:Tin Operating T"
"L1","2.2uH -ZNR3015ST2R2M","Library:IND-SMD_L3.0-W3.0-1","1","","ZE(å¢žç›Š)","","","C42429102","https://item.szlcsc.com/datasheet/ZNR3015ST2R2M/44450737.html","Inductance:2.2uH Tolerance:Â±20% Tolerance:Â±20% Current Rating:2A Current - Saturation(Isat):2A DC Resistance(DCR):60mÎ© Type:Shielded Power Inductor"
"LED1","FC-2012HRK-620D","Library:LED0805-R-RD","1","","å›½æ˜Ÿå…‰ç”µ","NCD0805R1","","C84256","https://lcsc.com/eda_search?q=C84256&%26type=1&ref=editor",""
"LED2","0805G (Green)","Library:LED0805-R-RD","1","","KENTO","KT-0805ç¿ ç»¿","","C2297","https://lcsc.com/eda_search?q=C2297&%26type=1&ref=editor",""
"PS1","NXE1S0305MC-R7","Library:NXE1S0303MCR7","1","","","","","C6943300","https://pim.murata.com/asset/pim4/isolatedDCDCconverter/KDC_NXE1_PDF_ISOLATEDDCDCCONVERTER","Isolated DC/DC Converter 1W 3.3Vin 5Vout 200mA Single Out"
"Q1","BSS138","Library:SOT-23-3_L2.9-W1.6-P1.90-LS2.8-BR","1","","onsemi(å®‰æ£®ç¾Ž)","BSS138LT1G","","C82045","https://item.szlcsc.com/datasheet/BSS138LT1G/83200.html","Number:1 N-Channel Drain to Source Voltage:50V Current - Continuous Drain(Id):200mA RDS(on):5.6Î©@2.75V Pd - Power Dissipation:225mW Gate Threshold Voltage (Vgs(th)):500mV Input Capacitance(Ciss):50pF@25V Reverse Transfer Capacitance (Crss@Vds):5pF@25V Ope"
"Q2","BSS138","Library:SOT-23-3_L2.9-W1.6-P1.90-LS2.8-BR","1","","onsemi(å®‰æ£®ç¾Ž)","BSS138LT1G","","C82045","https://item.szlcsc.com/datasheet/BSS138LT1G/83200.html","Number:1 N-Channel Drain to Source Voltage:50V Current - Continuous Drain(Id):200mA RDS(on):5.6Î©@2.75V Pd - Power Dissipation:225mW Gate Threshold Voltage (Vgs(th)):500mV Input Capacitance(Ciss):50pF@25V Reverse Transfer Capacitance (Crss@Vds):5pF@25V Ope"
"Q3","SS8050-G","Library:SOT-23-3_L2.9-W1.3-P1.90-LS2.4-BR","1","","CJ(æ±Ÿè‹é•¿ç”µ/é•¿æ™¶)","SS8050-G","","C164886","https://lcsc.com/eda_search?q=C164886&%26type=1&ref=editor",""
"Q4","SS8050-G","Library:SOT-23-3_L2.9-W1.3-P1.90-LS2.4-BR","1","","CJ(æ±Ÿè‹é•¿ç”µ/é•¿æ™¶)","SS8050-G","","C164886","https://lcsc.com/eda_search?q=C164886&%26type=1&ref=editor",""
"Q5","BC856B,215","Library:SOT-23-3_L2.9-W1.6-P1.90-LS2.8-BR","1","","Nexperia(å®‰ä¸–)","BC856B,215","","C20069136","https://item.szlcsc.com/datasheet/BC856B%252C215/110531.html","type:PNP Current - Collector(Ic):100mA Collector - Emitter Voltage VCEO:65V Pd - Power Dissipation:250mW DC Current Gain:220@2mA,5V DC Current Gain:220@2mA,5V Transition frequency(fT):100MHz Current - Collector Cutoff:15nA Vce Saturation(VCE(sat)):300mV@1"
"R1","33Î©","Library:R_0603_1608Metric","1","","","","","C23140","","Resistor"
"R2","33Î©","Library:R_0603_1608Metric","1","","","","","C23140","","Resistor"
"R3","33Î©","Library:R_0603_1608Metric","1","","","","","C23140","","Resistor"
"R4","DNP","Library:R_0603_1608Metric","1","DNP","","","","C23140","","Resistor"
"R5","10kÎ©","Library:R_0603_1608Metric","1","","","","","C98220","","Resistor"
"R6","4.7K","Library:R_0603_1608Metric","1","","","","","C23162","","Resistor"
"R7","4.7K","Library:R_0603_1608Metric","1","","","","","C23162","","Resistor"
"R8","267k 1%","Library:R_0603_1608Metric","1","","","","","C2906999","","Resistor"
"R9","10kÎ©","Library:R_0603_1608Metric_Pad0.98x0.95mm_HandSolder","1","","","","","C98220","","Resistor"
"R10","4.7K","Library:R_0603_1608Metric","1","","","","","C23162","","Resistor"
"R11","DNP","Library:R_0603_1608Metric_Pad0.98x0.95mm_HandSolder","1","DNP","","","","C22843","","Resistor"
"R12","2.21k 1%","Library:R_0603_1608Metric_Pad0.98x0.95mm_HandSolder","1","","","","","C273748","","Resistor"
"R13","DNP","Library:R_0603_1608Metric_Pad0.98x0.95mm_HandSolder","1","DNP","","","","C114613","","Resistor"
"R14","2.21k 1%","Library:R_0603_1608Metric_Pad0.98x0.95mm_HandSolder","1","","","","","C273748","","Resistor"
"R15","100K","Library:R_0603_1608Metric_Pad0.98x0.95mm_HandSolder","1","","","","","C14675","","Resistor"
"R16","3k 1%","Library:R_0603_1608Metric_Pad0.98x0.95mm_HandSolder","1","","","","","C126358","","Resistor"
"R17","3.16k 1%","Library:R_0603_1608Metric_Pad0.98x0.95mm_HandSolder","1","","","","","C185333","","Resistor"
"R18","DNP","Library:R_0603_1608Metric_Pad0.98x0.95mm_HandSolder","1","DNP","","","","C22975","","Resistor"
"R19","100K","Library:R_0603_1608Metric_Pad0.98x0.95mm_HandSolder","1","","","","","C14675","","Resistor"
"R20","10kÎ©","Library:R_0603_1608Metric_Pad0.98x0.95mm_HandSolder","1","","","","","C98220","","Resistor"
"R21","100â„¦","Library:R_0603_1608Metric_Pad0.98x0.95mm_HandSolder","1","","","","","C105588","","Resistor"
"R22","10kÎ©","Library:R_0603_1608Metric_Pad0.98x0.95mm_HandSolder","1","","","","","C98220","","Resistor"
"R23","100â„¦","Library:R_0603_1608Metric_Pad0.98x0.95mm_HandSolder","1","","","","","C105588","","Resistor"
"R24","10kÎ©","Library:R_0603_1608Metric_Pad0.98x0.95mm_HandSolder","1","","","","","C98220","","Resistor"
"R25","5.1kÎ©","Library:R_0603_1608Metric_Pad0.98x0.95mm_HandSolder","1","","","","","C2907044","",""
"R26","22.1kÎ©","Library:R_0603_1608Metric_Pad0.98x0.95mm_HandSolder","1","","","","","C2960862","",""
"R27","47.5kÎ©","Library:R_0603_1608Metric_Pad0.98x0.95mm_HandSolder","1","","","","","C2933225","",""
"R28","5.1kÎ©","Library:R_0603_1608Metric_Pad0.98x0.95mm_HandSolder","1","","","","","C2907044","",""
"R29","10kÎ©","Library:R_0603_1608Metric_Pad0.98x0.95mm_HandSolder","1","","","","","C98220","",""
"R30","1kÎ©","Library:R_0603_1608Metric_Pad0.98x0.95mm_HandSolder","1","","","","","C21190","",""
"R31","47K","Library:R_0603_1608Metric","1","","","","","C2907042","","Resistor"
"R32","47","Library:R_0603_1608Metric","1","","","","","C511383","","Resistor"
"R33","47","Library:R_0603_1608Metric","1","","","","","C511383","","Resistor"
"R34","47","Library:R_0603_1608Metric","1","","","","","C511383","","Resistor"
"R35","100k","Library:R_0603_1608Metric","1","","","","","C190609","","Resistor"
"R36","5.1kÎ©","Library:R_0603_1608Metric_Pad0.98x0.95mm_HandSolder","1","","","","","C2907044","",""
"R37","10kÎ©","Library:R_0603_1608Metric_Pad0.98x0.95mm_HandSolder","1","","","","","C98220","",""
"R38","10kÎ©","Library:R_0603_1608Metric_Pad0.98x0.95mm_HandSolder","1","","","","","C98220","",""
"R39","0Î©","Library:R_0603_1608Metric_Pad0.98x0.95mm_HandSolder","1","","","","","C95177","",""
"R40","0Î©","Library:R_0603_1608Metric_Pad0.98x0.95mm_HandSolder","1","","","","","C95177","",""
"R41","560Î©","Library:R_0603_1608Metric_Pad0.98x0.95mm_HandSolder","1","","","","","C23204","",""
"R42","10kÎ©","Library:R_0603_1608Metric_Pad0.98x0.95mm_HandSolder","1","","","","","C98220","","Resistor"
"R43","10kÎ©","Library:R_0603_1608Metric_Pad0.98x0.95mm_HandSolder","1","","","","","C98220","","Resistor"
"R44","2K2","Library:R_0603_1608Metric_Pad0.98x0.95mm_HandSolder","1","","","","","C114662","","Resistor"
"R45","220","Library:R_0603_1608Metric_Pad0.98x0.95mm_HandSolder","1","","","","","C22962","","Resistor"
"R46","220","Library:R_0603_1608Metric_Pad0.98x0.95mm_HandSolder","1","","","","","C22962","","Resistor"
"R47","100K","Library:R_0603_1608Metric_Pad0.98x0.95mm_HandSolder","1","","","","","C14675","","Resistor"
"R48","220","Library:R_0603_1608Metric_Pad0.98x0.95mm_HandSolder","1","","","","","C22962","","Resistor"
"R49","10kÎ©","Library:R_0603_1608Metric_Pad0.98x0.95mm_HandSolder","1","","","","","C98220","","Resistor"
"R50","10kÎ©","Library:R_0603_1608Metric_Pad0.98x0.95mm_HandSolder","1","","","","","C98220","","Resistor"
"R51","22Î©","Library:R_0603_1608Metric_Pad0.98x0.95mm_HandSolder","1","","","","","C23345 ","",""
"R52","22Î©","Library:R_0603_1608Metric_Pad0.98x0.95mm_HandSolder","1","","","","","C23345 ","",""
"SW1","Encoder SW","Library:RotaryEncoder_Alps_EC11E-Switch_Vertical_Modified_H20mm","1","","","","","","",""
"SW2","","Library:Microswitch","1","","XKB Connection(ä¸­å›½æ˜Ÿå¤)","TS-1187A-B-A-B","","C318884","https://item.szlcsc.com/datasheet/TS-1187A-B-A-B/299976.html","Circuit:SPST Actuator Style:Round Button Operating Force:1.6N Mounting Type:Surface Mount,Vertical Length:5.1mm Width:5.1mm Switch Height:1.5mm with Bracket:Without Bracket Contact Current:50mA Voltage Rating:12V Actuator/Cap Color:Gold With Lamp:No Life:"
"SW3","","Library:Microswitch","1","","XKB Connection(ä¸­å›½æ˜Ÿå¤)","TS-1187A-B-A-B","","C318884","https://item.szlcsc.com/datasheet/TS-1187A-B-A-B/299976.html","Circuit:SPST Actuator Style:Round Button Operating Force:1.6N Mounting Type:Surface Mount,Vertical Length:5.1mm Width:5.1mm Switch Height:1.5mm with Bracket:Without Bracket Contact Current:50mA Voltage Rating:12V Actuator/Cap Color:Gold With Lamp:No Life:"
"TH1","DNP - USE PACK NTC 10k B3435","Library:NTCS0603E3103JMT","1","DNP","VISHAY(å¨ä¸–)","NTCS0603E3103JMT","","C154082","https://atta.szlcsc.com/upload/public/pdf/source/20171201/C154082_15121210821531157111.pdf","Resistance @ 25Â°C: B Constant (25Â°C/50Â°C):- Resistance Tolerance: B Constant (25Â°C/75Â°C):- B Constant (25Â°C/85Â°C):3610K B Constant (25Â°C/100Â°C):- Power: B Constant Tolerance: Steady State Current (Max):- Operating Temperature:-40Â°C~+150Â°C Operating Temperature:-40Â°C~"
"U1","ADUM3151BRSZ-RL7","Library:SSOP-20L_L7.2-W5.3-P0.65-LS7.8-BL","1","","ADI(äºšå¾·è¯º)","ADUM3151BRSZ-RL7","","C579398","https://www.analog.com/media/en/technical-documentation/data-sheets/ADuM3151_3152_3153.pdf",""
"U2","ADuM1201","Library:SOIC-8_L4.9-W3.9-P1.27-LS6.0-BL","1","","ADI(äºšå¾·è¯º)","ADUM1201BRZ","","C87626","https://atta.szlcsc.com/upload/public/pdf/source/20190717/C404334_2B93F55860F1199D4BB807185B15482E.pdf","Applications:General-purpose Voltage Isolation or Not:å¸¦ç”µåŽ‹éš”ç¦» Supply Voltage:2.7V~5.5V Supply Voltage:2.7V~5.5V Data Rate:10Mbps Number of Channels:2 Isolation voltage:2500Vrms Forward Channel:1 Reverse channel:1 Isolation Technology:ç£éš”ç¦» Operating Temperatu"
"U3","ADuM1200","Library:SOIC-8_L4.9-W3.9-P1.27-LS6.0-BL","1","","ADI(äºšå¾·è¯º)","ADUM1200BRZ-RL7","","C30230","https://item.szlcsc.com/datasheet/ADUM1200BRZ-RL7/30987.html","Number of Forward Channels:2 Number of Reverse Channels:0 Data Rate(Max):10Mbps Default Output:- Isolation Voltage(Vrms):2500 CMTI(kV/us):25kV/us Operating Temperature:-40Â°C~+105Â°C Operating Temperature:-40Â°C~+105Â°C Rating:-"
"U4","LP5907-3.3","Library:SOT-23-5_L3.0-W1.7-P0.95-LS2.8-BR","1","","TI(å¾·å·žä»ªå™¨)","LP5907MFX-3.3/NOPB","","C80670","https://www.ti.com/cn/lit/gpn/lp5907","Output Type:Fixed Maximum Input Voltage:5.5V Output Voltage:3.3V Output Voltage:3.3V Output Current:250mA Power Supply Rejection Ratio (PSRR):90dB@(100Hz)ï¼›60dB@(100kHz) Dropout Voltage:250mV@(250mA) standby current:25uA Feature:ESD Protectionï¼›Short-Circui"
"U5","TPS62840","Library:VSON-8_L2.0-W1.5-P0.50-BL","1","","TI(å¾·å·žä»ªå™¨)","TPS62840DLCR","","C2071859","https://www.ti.com/cn/lit/gpn/tps62840","Function:Buck Output Type:Adjustable Voltage - Supply:1.8V~6.5V Voltage - Supply:1.8V~6.5V Output Voltage:1.8V~3.3V Output Voltage:1.8V~3.3V Output Current:750mA Frequency - Switching:1.8MHz Frequency - Switching:1.8MHz Operating Temperature:-40Â°C~+125Â°C@(T"
"U6","BQ27421-G1A","Library:IC_BQ27421YZFR-G1A","1","","","","BQ27421YZFR-G1A","C139621","",""
"U7","BQ24074","Library:QFN-16_L3.0-W3.0-P0.50-TL-EP1.7","1","","TI(å¾·å·žä»ªå™¨)","BQ24074RGTR","","C54313","https://www.ti.com/cn/lit/gpn/bq24074","The Chip Type:- Voltage - Supply:4.35V~26V Voltage - Supply:4.35V~26V Charge Current - Max:- Charging Saturation Voltage:4.2V Type of Battery:Lithium-ion/Polymer Number of Cells:1 Number of Cells:1 Operating Temperature:-40Â°C~+85Â°C Operating Temperature:-40"
"U8","CP2102N-A02-GQFN28R","Library:QFN-28_L5.0-W5.0-P0.50-TL-EP3.3","1","","SKYWORKS/SILICON LABS(èŠ¯ç§‘)","CP2102N-A02-GQFN28R","","C964632","https://item.szlcsc.com/datasheet/CP2102N-A02-GQFN28R/1049893.html","Applications Function:USB to UART USB Protocol:USB 2.0 Voltage - Supply:3V~3.6V Voltage - Supply:3V~3.6V Operating Temperature:-40Â°C~+85Â°C@(Ta) Operating Temperature:-40Â°C~+85Â°C@(Ta) Current - Supply:9.5mA Supply Current (Iq):1.3uA"
"U9","74LVC125","Library:TSSOP-14_L5.0-W4.4-P0.65-LS6.4-BL","1","","Nexperia(å®‰ä¸–)","74LVC125APW","","C6059","https://item.szlcsc.com/datasheet/74LVC125APW%252C118/6525.html","output type:Tri-State Voltage - Supply:1.2V~3.6V Voltage - Supply:1.2V~3.6V Number of Elements:4 Number of Bits per Element:1 Current - Output Low(IOL):24mA Current - Output High(IOH):24mA Logic Family:74LVC Operating Temperature:-40Â°C~+125Â°C Operating Temp"
"U10","ESP32-WROOM-32U-N4","Library:WROOM-32U","1","","ESPRESSIF(ä¹é‘«)","ESP32-WROOM-32U-N4","","C328062","https://atta.szlcsc.com/upload/public/pdf/source/20241030/FABBD8327B67EE0A7C31EF04AF2F47D2.pdf",""
"USB1","TYPE-C-31-M-31","Library:USB-C-SMD_TYPE-C-31-M-31","1","","éŸ©å›½éŸ©è£","TYPE-C-31-M-31","","C2760486","https://item.szlcsc.com/datasheet/TYPE-C-31-M-31/2881626.html","Connector Type:Type-C Protocol Standard:- Gender:Female Mounting Type:Surface Mount, Right Angle Number of Contacts:16P Number of Ports:1 Current Rating-Power:5A Operating Temperature:-30Â°C~+80Â°C Operating Temperature:-30Â°C~+80Â°C"
